id;name
aaid_h;ИДЕНТИФИКАЦИОННАЯ ПЕРЕМЕННАЯ 31-го РАУНДА
aaid_i;НОМЕР ИНДИВИДА В 31-Й ВОЛНЕ - ИДЕНТИФИКАЦИОННЫЙ
aid_h;ИДЕНТИФИКАЦИОННАЯ ПЕРЕМЕННАЯ 5-го РАУНДА
aid_i;НОМЕР ИНДИВИДА В 5-Й ВОЛНЕ - ИДЕНТИФИКАЦИОННЫЙ
bbid_h;ИДЕНТИФИКАЦИОННАЯ ПЕРЕМЕННАЯ 32-го РАУНДА
bbid_i;НОМЕР ИНДИВИДА В 32-Й ВОЛНЕ - ИДЕНТИФИКАЦИОННЫЙ
bid_h;ИДЕНТИФИКАЦИОННАЯ ПЕРЕМЕННАЯ 6-го РАУНДА
bid_i;НОМЕР ИНДИВИДА В 6-Й ВОЛНЕ - ИДЕНТИФИКАЦИОННЫЙ
cc_adult;Есть взрослый вопросник 33 волны?
cc_age;Возраст респондента
cc_child;Есть детский вопросник 33 волны?
cc_diplom;ЗАКОНЧЕННОЕ ОБРАЗОВАНИЕ (ГРУППА)
cc_educ;ОБРАЗОВАНИЕ (ПОДРОБНО): старше 14 лет
cc_int_y;Год опроса
cc_inwgt;Пост-стратификационный вес индивида по Росстату на 01.01.2025
cc_marst;СЕМЕЙНОЕ ПОЛОЖЕНИЕ - 33 ВОЛНА
cc_occup08;ПРОФЕССИОНАЛЬНАЯ ГРУППА - 33 ВОЛНА - по коду ccj2cod08
cc_origsm;АДРЕС РЕПРЕЗЕНТАТИВНОЙ ВЫБОРКИ? 33-Я ВОЛНА
cch11;Номер взрослого члена семьи, который отвечал на вопросы детского вопросника
cch3;НОМЕР СЕМЬИ
cch4;Номер члена семьи
cch4.1;Респондент ранее участвовал(а) в исследовании?
cch4.1_y;Год, в котором респондент последний раз участвовал в исследовании
cch5;Пол респондента
cch6;Год рождения респондента 33 ВОЛНА (= ccj69.9c)
cch7.1;Дата проведения интервью: число
cch7.2;Дата проведения интервью: месяц
cch8a;Интервью продолжалось: часов и минут (часов)
cch8b;Интервью продолжалось: часов и минут (минут)
cci1;Вы родились в другом населенном пункте или в том, где живете сейчас?
cci2;В какой республике бывшего СССР Вы родились?
cci3;Вы родились в городе, поселке городского типа или в селе, деревне, кишлаке, ауле?
cci3.1;Вы жили в другом населенном пункте - не в том, где Вы родились, более чем 6 месяцевподряд после того, как Вам исполнилось 14 лет, включая учебу, службу в армии и прочее?
cci4;Кем Вы себя считаете по национальности?
cci7;С какого года Вы живете в данном населенном пункте?
cci8;С какого года Вы постоянно живете в Российской Федерации?
ccid_h;ИДЕНТИФИКАЦИОННАЯ ПЕРЕМЕННАЯ 33-го РАУНДА
ccid_i;НОМЕР ИНДИВИДА В 33-Й ВОЛНЕ - ИДЕНТИФИКАЦИОННЫЙ
ccj1;Ваше основное занятие в настоящее время?
ccj1.1.1;Насколько Вы удовлетворены или не удовлетворены Вашей работой в целом?
ccj1.1.2;Насколько Вы удовлетворены или не удовлетворены условиями Вашего труда?
ccj1.1.3;Насколько Вы удовлетворены или не удовлетворены оплатой Вашего труда?
ccj1.1.4;Насколько Вы удовлетворены или не удовлетворены возможностями для Вашегопрофессионального роста?
ccj10;Сколько денег в течение последних 30 дней Вы получили по основному месту работы послевычета налогов и отчислений? Если все или часть денег Вы получили в иностранной валюте,переведите все в рубли и назовите общую сумму
ccj10.2;Если Вы получали премию по основному месту работы в течение последних 30 дней, тосколько рублей Вы получили?
ccj10.3;Как Вы думаете, все ли эти деньги были проведены официально?
ccj11;На этой работе Вы работаете на предприятии, в организации? Мы имеем в виду любуюорганизацию, в которой работает более одного человека, независимо от того, частная онаили государственная
ccj11.1;Вы оформлены на этой работе официально, то есть по трудовой книжке, трудовомусоглашению, контракту?
ccj11.2;Почему Вы не оформлены на этой работе официально?
ccj123;Приходилось ли Вам в течение последних 12 месяцев пользоваться Интернетом?
ccj125.1;Вы пользовались Интернетом в течение последних 12 месяцев для учебы?
ccj125.10;Вы пользовались Интернетом в течение последних 12 месяцев для посещения сайтовсоциальных сетей?
ccj125.2;Вы пользовались Интернетом в течение последних 12 месяцев для работы?
ccj125.3;Вы пользовались Интернетом в течение последних 12 месяцев для развлечений?
ccj125.4;Вы пользовались Интернетом в течение последних 12 месяцев для общения с другимилюдьми?
ccj125.7;Вы пользовались Интернетом в течение последних 12 месяцев для получения справочныхматериалов?
ccj125.9;Вы пользовались Интернетом в течение последних 12 месяцев для чего-то еще?
ccj13;Сколько человек работает на Вашем предприятии? Если не знаете точно, скажите примерно
ccj13.2;За последние 12 месяцев какова была Ваша среднемесячная зарплата на этом предприятиипосле вычета налогов - независимо от того, платят Вам ее вовремя или нет?
"ccj131.1;Посещаете ли Вы религиозные службы, собрания или другие религиозные мероприятия? Если
да, то как часто?"
"ccj136;Вы обращались куда-нибудь или к кому-нибудь в поисках работы в течение последних 7
дней?"
ccj14;В настоящее время Ваше предприятие осталось должно Вам какие-то деньги, которые поразным причинам не выплатило вовремя?
ccj15;Сколько всего денег Вам не доплатили?
ccj16;За сколько месяцев предприятие не доплатило Вам эти деньги?
"ccj161.3m;Сколько полных лет и месяцев составляет Ваш официально оформленный общий трудовой
стаж, не считая времени учебы на дневном отделении ВУЗа или техникума? (месяцев)"
ccj161.3y;Сколько полных лет и месяцев составляет Ваш официально оформленный общий трудовойстаж, не считая времени учебы на дневном отделении ВУЗа или техникума? (лет)
ccj188;Вы проходили срочную службу в армии?
ccj189a;С какого года Вы проходили срочную службу в армии?
ccj189b;По какой год Вы проходили срочную службу в армии?
ccj206;Считаете ли Вы, что большинству людей можно доверять или что в отношениях с людьмивсегда надо быть осторожным?
ccj21.3;Является ли производство, на котором Вы работаете, вредным или опасным, т.е. дающим Вамправо на досрочное назначение трудовой пенсии, на дополнительные выплаты или льготы?
ccj21a;В течение последних 12 месяцев Вы были в оплачиваемом отпуске?
ccj21b;Сколько всего календарных дней продолжался или продолжается этот отпуск?
ccj22;Представьте себе не очень приятную картину: предприятие, где Вы работаете, по каким-топричинам закроется, и все работники будут уволены. Насколько Вы уверены в том, чтосможете найти работу не хуже той, на которой работаете сейчас?
ccj23;Является государство владельцем или совладельцем Вашего предприятия, организации?
ccj24;Являются владельцами или совладельцами Вашего предприятия, организации иностранныефирмы или иностранные частные лица?
ccj25;Являются владельцами или совладельцами Вашего предприятия, организации какие-тороссийские частные лица, коллектив предприятия или российские частные фирмы?
ccj26;А Вы лично являетесь владельцем или совладельцем предприятия, на котором Вы работаете?
ccj260;Скажите, пожалуйста, Вы владеете каким-либо иностранным языком, помимо языков бывшихреспублик СССР?
ccj262;В какой степени Вы владеете иностранным языком?
ccj29;Как Вы считаете, на этой работе Вы занимаетесь предпринимательской деятельностью?
ccj29.1;Вы сменили место работы или профессию по сравнению с ноябрем 2023 года, или всеосталось по-прежнему?
ccj29.2.1;После ноября 2023 года Вы продвинулись по службе, получили более высокую должность?
ccj29.2.2;После ноября 2023 года Вы перешли работать в другое структурное подразделение - отдел,цех?
ccj29.2.3;После ноября 2023 года Вы перешли на более низкую должность?
ccj29c.1;В какой степени Вы доверяете руководству Вашего предприятия, организации?
ccj29c.2;В какой степени Вы доверяете людям, с которыми Вы вместе работаете, Вашим коллегам?
ccj2cod08;Код профессии по ISCO2008 основной работы
ccj31;Насколько Вас беспокоит то, что Вы можете потерять работу?
ccj32;У Вас есть еще какая-нибудь работа?
ccj32.1;Возможно, у Вас есть еще работа по совместительству, временная работа по срочномуконтракту, трудовому соглашению, договору подряда, гранту, или индивидуальная работа полицензии или без нее?
ccj322;Состоите ли Вы в зарегистрированном браке?
ccj323m;Когда Вы зарегистрировали этот брак? (месяц)
ccj323y;Когда Вы зарегистрировали этот брак? (год)
"ccj324;Возможно, Вы проживаете вместе с (партнером/партнершей), но не регистрируете свои
отношения?"
ccj325m;Когда Вы впервые начали жить вместе с Вашим нынешним (мужем/партнером)/Вашейнынешней (женой/партнершей)? (месяц)
ccj325y;Когда Вы впервые начали жить вместе с Вашим нынешним (мужем/партнером)/Вашейнынешней (женой/партнершей)? (год)
ccj33cod08;Код профессии по ISCO2008 дополнительной работы
ccj35.1;В какой отрасли Вы работаете на этой работе?
ccj36.1a;Сколько в среднем часов и минут продолжается Ваш обычный рабочий день на этой работе?(часов)
"ccj36.1b;Сколько в среднем часов и минут продолжается Ваш обычный рабочий день на этой работе?
(минут)"
ccj36.2;А сколько часов в среднем продолжается Ваша обычная рабочая неделя?
"ccj363;Сколько денег Вы получили в качестве пенсии в течение последних 30 дней? Учитывайте и
основную пенсию и доплаты к ней"
ccj37;Вы работали на этой работе в течение последних 30 дней?
ccj38;Сколько часов Вы фактически отработали на этой работе в течение последних 30 дней?
ccj39;На той работе, о которой мы сейчас говорим, в течение последних 30 дней Вы получиликакую-нибудь сумму денег в качестве зарплаты, премии, дотаций, пособий, доходов,прибыли?
ccj4.1;В какой отрасли Вы работаете на этой работе?
ccj40;Сколько денег в течение последних 30 дней Вы получили на этой работе после вычетаналогов? Если все или часть денег Вы получили не в рублях, а в иностранной валюте,переведите все в рубли и назовите общую сумму
ccj41;На этой работе Вы работаете на предприятии, в организации? Мы имеем в виду любуюорганизацию, в которой работает более одного человека, независимо от того, частная онаили государственная
ccj41.1;Вы оформлены на этой работе официально, то есть по трудовой книжке, трудовомусоглашению, контракту?
ccj41.2;Почему Вы не оформлены на этой работе официально?
ccj43;Сколько человек работает на этом Вашем предприятии? Если не знаете точно, скажитепримерно
ccj49;Является государство владельцем или совладельцем Вашего предприятия, организации?
ccj5.2;Как Вы нашли эту Вашу основную работу?
ccj50;Являются владельцами или совладельцами Вашего предприятия, организации иностранныефирмы или иностранные частные лица?
ccj51;Являются владельцами или совладельцами Вашего предприятия, организации какие-тороссийские частные лица, коллектив предприятия или российские частные фирмы?
ccj52;А Вы лично являетесь владельцем или совладельцем предприятия, на котором Вы работаете?
ccj56;В течение последних 30 дней Вы занимались (еще) какой-нибудь работой, за которую Вамзаплатили или должны заплатить?
ccj56.11c08;Код профессии по ISCO2008 первого случайного заработка
ccj56.12c08;Код профессии по ISCO2008 второго случайного заработка
ccj56.13c08;Код профессии по ISCO2008 третьего случайного заработка
ccj57;Сколько всего денег в течение последних 30 дней Вам заплатили за всю эту работу? Еслиоплата производилась в неденежной форме, оцените, сколько это, примерно, будет в рублях?
ccj58;Для Вас это был случайный заработок или Вы часто занимаетесь такой работой и регулярнополучаете за это деньги?
ccj58.1;Скажите, доход от этой работы является Вашим основным заработком или этодополнительный источник Вашего дохода?
ccj59;Сколько часов за последние 30 дней Вы занимались всей этой работой?
"ccj59.1;Скажите, эта работа была оформлена официально, например, по договору или контракту,
лицензии?"
ccj5a;С какого года Вы работаете на этом предприятии, на этой работе? Если Вы увольнялись иснова возвращались на это же предприятие, на эту работу, назовите дату последнеговозвращения
ccj5b;С какого месяца Вы работаете на этом предприятии, на этой работе? Если Вы увольнялись иснова возвращались на это же предприятие, на эту работу, назовите дату последнеговозвращения
ccj6;У Вас есть подчиненные на этой работе?
ccj6.0;Сколько у Вас подчиненных? Пожалуйста, посчитайте всех Ваших подчиненных, а не толькотех, кто находится в Вашем непосредственном подчинении
ccj6.1a;Сколько в среднем продолжается Ваш обычный рабочий день на этой работе? (часов)
ccj6.1b;Сколько в среднем продолжается Ваш обычный рабочий день на этой работе? (минут)
ccj6.2;Сколько часов в среднем продолжается Ваша обычная рабочая неделя?
ccj60;Сколько всего денег в течение последних 30 дней Вы лично получили, считая все: зарплату,пенсии, премии, прибыли, пособия, материальную помощь, случайные заработки и другиеденежные поступления?
ccj60.1;Скажите, пожалуйста, Вы когда-нибудь пытались организовать свое собственноепредприятие, начать свое собственное дело?
ccj60.4a1;В течение последних 12 месяцев Вы работали на дополнительной работе?
ccj60.4a2;В течение последних 12 месяцев Вы выращивали что-то на своем участке на продажу или наобмен?
ccj60.4a3;В течение последних 12 месяцев Вы разводили скот, птицу, рыб, другую живность напродажу?
ccj60.4a7;В течение последних 12 месяцев Вы сдавали внаем квартиру, комнату, дачу, гараж,автомобиль?
ccj60.4a8;В течение последних 12 месяцев Вы клали деньги в банк под проценты, давали деньгивзаймы под проценты?
ccj60.4a9;В течение последних 12 месяцев Вы оказывали услуги за плату, например, подвозили кого-тона машине, ремонтировали бытовую технику, автомобили, нанимались делать ремонт вквартире и т.п.?
ccj60.5b;Как изменилось материальное положение Вашей семьи за последние три года?
ccj604a0;В течение последних 12 месяцев Вы охотились или собирали грибы, ягоды, травы и т.п. напродажу?
ccj61;Как Вы думаете, через 12 месяцев Вы и Ваша семья будете жить лучше или хуже, чемсегодня?
ccj62;Представьте себе лестницу из 9 ступеней, где на нижней, первой ступени, стоят нищие, а навысшей, девятой - богатые. На какой из девяти ступеней находитесь сегодня Вы лично?
ccj63;Представьте себе лестницу, из 9 ступеней, где на нижней ступени стоят совсем бесправные, ана высшей - те, у кого большая власть. На какой из девяти ступеней находитесь сегодня Вылично?
ccj64;Еще одна лестница из 9 ступеней, где на нижней ступени находятся люди, которых совсем неуважают, а на высшей - те, кого очень уважают. На какой из девяти ступеней находитесьсегодня Вы лично?
ccj65;Насколько Вы удовлетворены своей жизнью в целом в настоящее время?
"ccj66;Насколько Вас беспокоит то, что Вы не сможете обеспечивать себя самым необходимым в
ближайшие 12 месяцев?"
ccj66.1;Насколько Вы удовлетворены своим материальным положением в настоящее время?
ccj69.9c;В каком году Вы родились?
ccj7;Вы работали по основному месту работы в течение последних 30 дней?
ccj7.1;Сколько всего рабочих дней было у Вас за последние 30 дней?
ccj70;У Вас есть аттестат о полном среднем образовании, то есть об окончании 10 - 12 классов?
ccj70.1;Сколько классов школы Вы закончили?
ccj70.2;Вы сейчас учитесь в общеобразовательной школе, гимназии, лицее, экстернате?
ccj71;Вы учились или учитесь где-нибудь, кроме школы?
ccj72.11;В течение последних 12 месяцев Вы учились или учитесь на профессиональных курсах,курсах повышения квалификации или любых других курсах, включая курсы иностранныхязыков, обучение на рабочем месте?
ccj72.1121;На этих курсах Вы учились очно?
ccj72.1122;На этих курсах Вы учились удаленно?
ccj72.171;У Вас есть дети, родные или официально усыновленные?
ccj72.172;Сколько всего у Вас детей?
ccj72.173;А сколько из них моложе 18 лет?
ccj72.18;А каково Ваше отношение к религии?
ccj72.18a;Какой у Вас самый высокий уровень образования, по которому Вы получили аттестат,свидетельство, диплом?
ccj72.19;К какой религии Вы себя относите?
ccj72.1a;Вы учились или учитесь на профессиональных курсах, например, курсы трактористов,шоферов, машинисток, бухгалтеров? (первые)
ccj72.1a2;Вы учились или учитесь на профессиональных курсах, например, курсы трактористов,шоферов, машинисток, бухгалтеров? (вторые)
ccj72.1a3;Вы учились или учитесь на профессиональных курсах, например, курсы трактористов,шоферов, машинисток, бухгалтеров? (третьи)
ccj72.1a4;Вы учились или учитесь на профессиональных курсах, например, курсы трактористов,шоферов, машинисток, бухгалтеров? (четвертые)
ccj72.1a5;Вы учились или учитесь на профессиональных курсах, например, курсы трактористов,шоферов, машинисток, бухгалтеров? (пятые)
ccj72.1b;Сколько лет Вы проучились на профессиональных курсах? (первые)
ccj72.1b2;Сколько лет Вы проучились на профессиональных курсах? (вторые)
ccj72.1b3;Сколько лет Вы проучились на профессиональных курсах? (третьи)
ccj72.1b4;Сколько лет Вы проучились на профессиональных курсах? (четвертые)
ccj72.1b5;Сколько лет Вы проучились на профессиональных курсах? (пятые)
ccj72.1c;Получили ли диплом на профессиональных курсах? (первые)
ccj72.1c2;Получили ли диплом на профессиональных курсах? (вторые)
ccj72.1c3;Получили ли диплом на профессиональных курсах? (третьи)
ccj72.1c4;Получили ли диплом на профессиональных курсах? (четвертые)
ccj72.1c5;Получили ли диплом на профессиональных курсах? (пятые)
ccj72.1e;В каком году окончили/ушли с профессиональных курсов? (первые)
ccj72.1e2;В каком году окончили/ушли с профессиональных курсов? (вторые)
ccj72.1e3;В каком году окончили/ушли с профессиональных курсов? (третьи)
ccj72.1e4;В каком году окончили/ушли с профессиональных курсов? (четвертые)
ccj72.1e5;В каком году окончили/ушли с профессиональных курсов? (пятые)
ccj72.2a;Вы учились или учитесь в ПТУ, ФЗУ, ФЗО, в котором Вы не получали общего среднегообразования? (первое)
ccj72.2a2;Вы учились или учитесь в ПТУ, ФЗУ, ФЗО, в котором Вы не получали общего среднегообразования? (второе)
ccj72.2b;Сколько лет Вы проучились в ПТУ, ФЗУ, ФЗО без среднего образования? (первое)
ccj72.2b2;Сколько лет Вы проучились в ПТУ, ФЗУ, ФЗО без среднего образования? (второе)
ccj72.2c;Получили ли диплом в ПТУ, ФЗУ, ФЗО без среднего образования? (первое)
ccj72.2c2;Получили ли диплом в ПТУ, ФЗУ, ФЗО без среднего образования? (второе)
ccj72.2e;В каком году окончили/ушли из ПТУ, ФЗУ, ФЗО без среднего образования? (первое)
ccj72.2e2;В каком году окончили/ушли из ПТУ, ФЗУ, ФЗО без среднего образования? (второе)
ccj72.2h;Вы учились или учитесь в ПТУ, ФЗУ, ФЗО без среднего образования очно? (первое)
ccj72.2h2;Вы учились или учитесь в ПТУ, ФЗУ, ФЗО без среднего образования очно? (второе)
ccj72.3a;Вы учились или учитесь в ПТУ, техническом училище или, как сейчас называется, попрограмме подготовки квалифицированных рабочих и служащих, в котором Вы получали иобщее среднее образование? (первое)
"ccj72.3a2;Вы учились или учитесь в ПТУ, техническом училище или, как сейчас называется, попрограмме подготовки квалифицированных рабочих и служащих, в котором Вы получали и
общее среднее образование? (второе)"
ccj72.3b;Сколько лет Вы проучились в ПТУ со средним образованием, техническом училище? (первое)
ccj72.3b2;Сколько лет Вы проучились в ПТУ со средним образованием, техническом училище? (второе)
ccj72.3c;Получили ли диплом в ПТУ со средним образованием, техническом училище? (первое)
ccj72.3c2;Получили ли диплом в ПТУ со средним образованием, техническом училище? (второе)
ccj72.3e;В каком году окончили/ушли из ПТУ со средним образованием, технического училища?(первое)
ccj72.3e2;В каком году окончили/ушли из ПТУ со средним образованием, технического училища?(второе)
ccj72.3h;Вы учились или учитесь в ПТУ со средним образованием, техническом училище очно?(первое)
ccj72.3h2;Вы учились или учитесь в ПТУ со средним образованием, техническом училище очно?(второе)
ccj72.4a;Вы учились или учитесь в техникуме, медицинском, музыкальном, педагогическом,художественном училище или, как сейчас называется, по программе подготовкиспециалистов среднего звена? (первый)
"ccj72.4a2;Вы учились или учитесь в техникуме, медицинском, музыкальном, педагогическом,художественном училище или, как сейчас называется, по программе подготовки
специалистов среднего звена? (второй)"
ccj72.4b;Сколько лет Вы проучились в техникуме, медицинском, музыкальном, педагогическом,художественном училище? (первый)
ccj72.4b2;Сколько лет Вы проучились в техникуме, медицинском, музыкальном, педагогическом,художественном училище? (второй)
ccj72.4c;Получили ли диплом в техникуме, медицинском, музыкальном, педагогическом,художественном училище? (первый)
ccj72.4c2;Получили ли диплом в техникуме, медицинском, музыкальном, педагогическом,художественном училище? (второй)
ccj72.4e;В каком году окончили/ушли из техникума, медицинского, музыкального, педагогического,художественного училища? (первый)
ccj72.4e2;В каком году окончили/ушли из техникума, медицинского, музыкального, педагогического,художественного училища? (второй)
ccj72.4h;Вы учились или учитесь в техникуме, училище очно? (первый)
ccj72.4h2;Вы учились или учитесь в техникуме, училище очно? (второй)
ccj72.51;Во время обучения в ВУЗе Вы (работали / работаете)?
ccj72.5a;Вы учились или учитесь в институте, университете, академии, включая магистратуру?(первый)
ccj72.5a2;Вы учились или учитесь в институте, университете, академии, включая магистратуру?(второй)
ccj72.5a3;Вы учились или учитесь в институте, университете, академии, включая магистратуру?(третий)
ccj72.5a4;Вы учились или учитесь в институте, университете, академии, включая магистратуру?(четвертый)
ccj72.5b;Сколько лет Вы проучились в институте, университете, академии, включая магистратуру?(первый)
ccj72.5b2;Сколько лет Вы проучились в институте, университете, академии, включая магистратуру?(второй)
ccj72.5b3;Сколько лет Вы проучились в институте, университете, академии, включая магистратуру?(третий)
ccj72.5b4;Сколько лет Вы проучились в институте, университете, академии, включая магистратуру?(четвертый)
ccj72.5c;Получили ли диплом в институте, университете, академии, включая магистратуру? (первый)
ccj72.5c2;Получили ли диплом в институте, университете, академии, включая магистратуру? (второй)
ccj72.5c3;Получили ли диплом в институте, университете, академии, включая магистратуру? (третий)
ccj72.5c4;Получили ли диплом в институте, университете, академии, включая магистратуру?(четвертый)
ccj72.5e;В каком году окончили/ушли из института, университета, академии, включая магистратуру?(первый)
ccj72.5e2;В каком году окончили/ушли из института, университета, академии, включая магистратуру?(второй)
ccj72.5e3;В каком году окончили/ушли из института, университета, академии, включая магистратуру?(третий)
ccj72.5e4;В каком году окончили/ушли из института, университета, академии, включая магистратуру?(четвертый)
ccj72.5h;Вы учились или учитесь в институте, университете, академии, включая магистратуру, очно?(первый)
ccj72.5h2;Вы учились или учитесь в институте, университете, академии, включая магистратуру, очно?(второй)
ccj72.5h3;Вы учились или учитесь в институте, университете, академии, включая магистратуру, очно?(третий)
ccj72.5h4;Вы учились или учитесь в институте, университете, академии, включая магистратуру, очно?(четвертый)
ccj72.5j;По какой программе Вы учились в ВУЗе? (первый)
ccj72.5j2;По какой программе Вы учились в ВУЗе? (второй)
ccj72.5j3;По какой программе Вы учились в ВУЗе? (третий)
ccj72.5j4;По какой программе Вы учились в ВУЗе? (четвертый)
ccj72.6a;Вы учились или учитесь в аспирантуре, ординатуре? (первая)
ccj72.6a2;Вы учились или учитесь в аспирантуре, ординатуре? (вторая)
ccj72.6b;Сколько лет Вы проучились в аспирантуре, ординатуре? (первая)
ccj72.6b2;Сколько лет Вы проучились в аспирантуре, ординатуре? (вторая)
ccj72.6c;Получили ли диплом об окончании аспирантуры, ординатуры? (первая)
ccj72.6c2;Получили ли диплом об окончании аспирантуры, ординатуры? (вторая)
ccj72.6e;В каком году окончили/ушли из аспирантуры, ординатуры? (первая)
ccj72.6e2;В каком году окончили/ушли из аспирантуры, ординатуры? (вторая)
ccj72.6h;Вы учились или учитесь в аспирантуре, ординатуре очно? (первая)
ccj72.6h2;Вы учились или учитесь в аспирантуре, ординатуре очно? (вторая)
ccj72121ac08;Код профессии по ISCO2008 специальности профессиональных курсов за последние 12месяцев
ccj72121ba;Эта специальность совпадает с той, по которой Вы работали к моменту поступления накурсы?
ccj72121d;За счет каких средств Вы учились на этих курсах? Можно выбрать несколько ответов
ccj72121f;Сколько всего часов Вы проучились на этих курсах?
ccj721dac08;Код профессии по ISCO2008 первой специальности профессиональных курсов
ccj721dbc08;Код профессии по ISCO2008 второй специальности профессиональных курсов
ccj721dcc08;Код профессии по ISCO2008 третьей специальности профессиональных курсов
ccj721ddc08;Код профессии по ISCO2008 четвертой специальности профессиональных курсов
ccj721dec08;Код профессии по ISCO2008 пятой специальности профессиональных курсов
ccj722dac08;Код профессии по ISCO2008 первой специальности ПТУ без среднего образования
ccj722dbc08;Код профессии по ISCO2008 второй специальности ПТУ без среднего образования
ccj723dac08;Код профессии по ISCO2008 первой специальности ПТУ со средним образованием
ccj723dbc08;Код профессии по ISCO2008 второй специальности ПТУ со средним образованием
ccj724dac08;Код профессии по ISCO2008 первой специальности техникума, училища
ccj724dbc08;Код профессии по ISCO2008 второй специальности техникума, училища
ccj725dac08;Код профессии по ISCO2008 первой специальности института, университета, академии,включая магистратуру
ccj725dbc08;Код профессии по ISCO2008 второй специальности института, университета, академии,включая магистратуру
ccj725dcc08;Код профессии по ISCO2008 третьей специальности института, университета, академии,включая магистратуру
ccj725ddc08;Код профессии по ISCO2008 четвертой специальности института, университета, академии,включая магистратуру
ccj726dac08;Код профессии по ISCO2008 первой специальности аспирантуры, ординатуры
ccj726dbc08;Код профессии по ISCO2008 второй специальности аспирантуры, ординатуры
ccj73;Вы сейчас получаете пенсию? Не учитывайте, пожалуйста, пенсии на детей
ccj74.1a;Какую именно пенсию Вы получаете сейчас?
ccj74.1b;Какую именно пенсию Вы получаете сейчас?
ccj74.1c;Какую именно пенсию Вы получаете сейчас?
ccj75;Вы получали пенсию в течение последних 30 дней на руки или на сберкнижку, на карточку?
ccj77;Есть ли работа у респондента?
ccj77a;Респондент учился где-нибудь кроме школы?
ccj78;Вы работали когда-нибудь?
ccj8;Сколько часов Вы фактически отработали по основному месту работы в течение последних 30дней?
ccj8.1;Скажите, пожалуйста, Вы работали по основной работе дома в течение последних 30 дней?
ccj8.2;Сколько часов Вы фактически занимались этой работой дома в течение последних 30 дней?
"ccj8.3;Скажите, пожалуйста, Вы учитывали эти часы, когда называли общую продолжительность
рабочего времени за последние 30 дней?"
ccj80.1;По какой основной причине Вы перестали работать на Вашей последней работе?
ccj80.2c08;Код профессии по ISCO2008 последней работы до ухода
ccj80a;В каком году Вы ушли с Вашей последней работы, перестали работать?
ccj80b;В каком месяце Вы ушли с Вашей последней работы, перестали работать?
ccj81;Хотели бы Вы найти (другую) работу?
ccj81.1;Cколько времени Вы ищете (другую) работу? (в неделях)
ccj81.2;Представьте, что Вам сегодня предложили работу. Какую минимальную зарплату Вам должныплатить на этой новой работе, чтобы Вы согласились на нее? Сколько рублей?
ccj82;Вы обращались куда-нибудь или к кому-нибудь в поисках работы в течение последних 30дней?
ccj83.1;Вы обращались в поисках работы в государственные службы занятости, на биржи труда?
ccj83.2;Вы обращались в поисках работы в негосударственные службы занятости, агентства,например, Хедхантер, Суперджоб и другие?
ccj83.3;Вы обращались в поисках работы к друзьям, знакомым?
ccj83.4;Вы обращались в поисках работы к родственникам?
ccj83.5;Вы обращались в поисках работы непосредственно на предприятия?
ccj83.6;Вы обращались в поисках работы к рекламным объявлениям, кроме Интернета?
ccj83.7;Вы обращались в поисках работы к рекламным объявлениям в Интернете?
ccj83.8;Вы обращались в поисках работы в социальные сети?
ccj84.1;Если бы на прошлой неделе Вам предложили подходящую работу, Вы смогли бы приступить кней сразу?
ccj84.2;Как Вы считаете, сколько примерно времени Вам необходимо, чтобы найти (другую) работу?(дней)
ccj85;Вы зарегистрированы в государственной службе занятости как безработный(ая)?
ccj86;Сколько дней тому назад Вы зарегистрировались в государственной службе занятости?
ccj87;Вы получаете пособие по безработице?
ccj88;Вы получили пособие по безработице в последние 30 дней?
ccj89;Сколько денег Вы получили в качестве пособия по безработице в течение последних 30дней?
ccj89.1;Служба занятости в течение трех последних месяцев Вам помогала трудоустроиться, пройтиобучение или переобучение, оказывала психологическую помощь?
ccj9;По основному месту работы в течение последних 30 дней Вы получили какую-нибудь суммуденег в качестве зарплаты, премии, дотаций, пособий, доходов, прибыли?
ccj90;Какой ответ лучше всего описывает Ваше основное занятие в настоящее время?
cck10;В течение последних 7 дней за ребенком ухаживали родственники, которые живут отдельно?
cck11;Сколько дней из последних 7 Вам помогали ухаживать за Вашим ребенком родственники,которые живут отдельно?
cck12a;В те дни из последних 7, когда Ваши родственники, живущие отдельно, помогали ухаживатьза ребенком, сколько в среднем часов и минут в день это составляло? (часов)
"cck12b;В те дни из последних 7, когда Ваши родственники, живущие отдельно, помогали ухаживать
за ребенком, сколько в среднем часов и минут в день это составляло? (минут)"
cck13;В течение последних 7 дней ребенок ходил в детский сад, ясли, группу продленного дня вшколе или тому подобное?
cck14;Сколько дней из последних 7 Ваш ребенок ходил в детский сад, ясли, группу продленногодня в школе или тому подобное?
cck15a;В те дни из последних 7, когда ребенок ходил в детский сад, ясли, группу продленного дня вшколе или тому подобное, сколько в среднем часов и минут в день это составляло? (часов)
"cck15b;В те дни из последних 7, когда ребенок ходил в детский сад, ясли, группу продленного дня в
школе или тому подобное, сколько в среднем часов и минут в день это составляло? (минут)"
cck17;В течение последних 7 дней Ваш помогали ухаживать за Вашим ребенком другие люди,которые не являются Вашими родственниками?
cck18;Сколько дней из последних 7 за Вашим ребенком помогали ухаживать люди, не являющиесяВашими родственниками?
cck19a;В те дни из последних 7, когда люди, не являющиеся Вашими родственниками, помогалиухаживать за Вашим ребенком, сколько в среднем часов и минут в день это составляло?(часов)
"cck19b;В те дни из последних 7, когда люди, не являющиеся Вашими родственниками, помогали
ухаживать за Вашим ребенком, сколько в среднем часов и минут в день это составляло?
(минут)"
cck20;Вы уже заплатили или Вам придется заплатить за то, что в последние 7 дней за ребенкомухаживал кто-то, кто не является членом Вашего домохозяйства, или за пребывание (его/ее)в детском учреждении?
cck21;Сколько Вы заплатили или Вам придется заплатить за то, что в последние 7 дней за ребенкомухаживал кто-то, кто не является членом Вашего домохозяйства?
cck3.1;В каком классе Вы учитесь?
cck3.2;Вы учитесь в...?
cck3.4;Как бы Вы оценили Вашу успеваемость?
cck3.5;Сколько учеников в классе, в котором Вы обучаетесь?
cck7.1;(Он/она) посещает уроки физкультуры в школе?
cck7.2;Как часто (он/она) занимается физкультурой во время школьных занятий - на уроках?
cck7.3a;Сколько часов и минут в неделю (он/она) занимается физкультурой во время школьныхзанятий? (часов)
"cck7.3b;Сколько часов и минут в неделю (он/она) занимается физкультурой во время школьных
занятий? (минут)"
cck7.4;(Он/она) занимается физкультурой и спортом до или после уроков (занятия с тренером илипросто подвижные игры во дворе - футбол, салочки, классики, прятки, езда на велосипеде,роликах и т.п.)?
cck7.5;Как часто (он/она) занимается физкультурой и спортом, включая подвижные игры во дворе,до или после уроков?
cck7.6a;Сколько часов и минут в неделю (он/она) занимается разными видами физическойактивности до или после уроков? (часов)
"cck7.6b;Сколько часов и минут в неделю (он/она) занимается разными видами физической
активности до или после уроков? (минут)"
cck7.7.3a;До или после школьных уроков (он/она) играет в игры - в машинки, куклы, конструкторы,шахматы, шашки?
cck7.7.3b;Сколько часов и минут в день (он/она) играет в игры - в машинки, куклы, конструкторы,шахматы, шашки? (часов)
"cck7.7.3c;Сколько часов и минут в день (он/она) играет в игры - в машинки, куклы, конструкторы,
шахматы, шашки? (минут)"
cck7.7.4a;До или после школьных уроков (он/она) делает уроки?
cck7.7.4b;Сколько часов и минут в день (он/она) делает уроки? (часов)
cck7.7.4c;Сколько часов и минут в день (он/она) делает уроки? (минут)
cck7.7.6a;До или после школьных уроков (он/она) читает?
cck7.7.6b;Сколько часов и минут в день (он/она) читает? (часов)
cck7.7.6c;Сколько часов и минут в день (он/она) читает? (минут)
cck7.7.7a;До или после школьных уроков (он/она) сидит в Интернете или локальной сети?
cck7.7.7b;Сколько часов и минут в день (он/она) сидит в Интернете или локальной сети? (часов)
cck7.7.7c;Сколько часов и минут в день (он/она) сидит в Интернете или локальной сети? (минут)
cck7.7.8a;До или после школьных уроков (он/она) смотрит телевизор, видео?
cck7.7.8b;Сколько часов и минут в день (он/она) смотрит телевизор, видео? (часов)
cck7.7.8c;Сколько часов и минут в день (он/она) смотрит телевизор, видео? (минут)
cck7.7.9a;До или после школьных уроков (он/она) играет в видео- или компьютерные игры?
cck7.7.9b;Сколько часов и минут в день (он/она) играет в видео- или компьютерные игры? (часов)
cck7.7.9c;Сколько часов и минут в день (он/она) играет в видео- или компьютерные игры? (минут)
cck7.8.1;Как (он/она) добирается до школы?
cck7.8.2a;Сколько всего часов и минут занимает у (него/нее) дорога туда и обратно? (часов)
cck7.8.2b;Сколько всего часов и минут занимает у (него/нее) дорога туда и обратно? (минут)
cck761.1a;Занимается (он/она) до или после школьных уроков рисованием или музыкой?
cck761.1b;Сколько часов и минут в неделю (он/она) занимается рисованием или музыкой? (часов)
cck761.1c;Сколько часов и минут в неделю (он/она) занимается рисованием или музыкой? (минут)
cck761.2a;Занимается (он/она) до или после школьных уроков танцами, фотографией, театром иликакими-то другими видами художественного творчества?
cck761.2b;Сколько часов и минут в неделю (он/она) занимается танцами, фотографией, театром иликакими-то другими видами художественного творчества? (часов)
"cck761.2c;Сколько часов и минут в неделю (он/она) занимается танцами, фотографией, театром или
какими-то другими видами художественного творчества? (минут)"
cck761.3a;Занимается (он/она) до или после школьных уроков в кружках юного техника, техническогомоделирования, юного натуралиста, лепкой, выпиливанием или другими видами техническогои прикладного творчества?
cck761.3b;Сколько часов и минут в неделю (он/она) занимается в кружках технического и прикладноготворчества? (часов)
"cck761.3c;Сколько часов и минут в неделю (он/она) занимается в кружках технического и прикладного
творчества? (минут)"
cck761.4a;Занимается (он/она) до или после школьных уроков углубленным изучением компьютерныхтехнологий?
cck761.4b;Сколько часов и минут в неделю (он/она) занимается углубленным изучением компьютерныхтехнологий? (часов)
"cck761.4c;Сколько часов и минут в неделю (он/она) занимается углубленным изучением компьютерных
технологий? (минут)"
cck761.5a;Занимается (он/она) до или после школьных уроков иностранным языком?
cck761.5b;Сколько часов и минут в неделю (он/она) занимается иностранным языком? (часов)
cck761.5c;Сколько часов и минут в неделю (он/она) занимается иностранным языком? (минут)
cck761.6a;Занимается (он/она) до или после школьных уроков какими-то еще предметами, выбраннымиродителями или ребенком, для получения дополнительных знаний?
cck761.6b;Сколько часов и минут в неделю (он/она) занимается какими-то еще предметами,выбранными родителями или ребенком, для получения дополнительных знаний? (часов)
"cck761.6c;Сколько часов и минут в неделю (он/она) занимается какими-то еще предметами,
выбранными родителями или ребенком, для получения дополнительных знаний? (минут)"
cck771.1a;(Он/она) занимается под руководством или вместе с родителями, взрослыми родственникамиразличными видами физической активности, спортом?
cck771.1b;Сколько часов и минут в неделю (он/она) занимается различными видами физическойактивности, спортом? (часов)
"cck771.1c;Сколько часов и минут в неделю (он/она) занимается различными видами физической
активности, спортом? (минут)"
cck771.2a;(Он/она) занимается под руководством или вместе с родителями, взрослыми родственникамитворчеством и ремеслами?
cck771.2b;Сколько часов и минут в неделю (он/она) занимается творчеством и ремеслами? (часов)
cck771.2c;Сколько часов и минут в неделю (он/она) занимается творчеством и ремеслами? (минут)
cck771.3a;(Он/она) занимается под руководством или вместе с родителями, взрослыми родственникамиподготовкой уроков, домашних заданий?
cck771.3b;Сколько часов и минут в неделю (он/она) занимается подготовкой уроков, домашнихзаданий? (часов)
"cck771.3c;Сколько часов и минут в неделю (он/она) занимается подготовкой уроков, домашних
заданий? (минут)"
cck771.4a;(Он/она) занимается под руководством или вместе с родителями, взрослыми родственникамикакими-то предметами, выбранными родителями или ребенком, для получениядополнительных знаний?
cck771.4b;Сколько часов и минут в неделю (он/она) занимается какими-то предметами, выбраннымиродителями или ребенком, для получения дополнительных знаний? (часов)
"cck771.4c;Сколько часов и минут в неделю (он/она) занимается какими-то предметами, выбранными
родителями или ребенком, для получения дополнительных знаний? (минут)"
cck8.1;Почему (он/она) сейчас не учится в общеобразовательной школе? Потому что пойдет в школучерез год или два?
cck8.13;(Он/она) занимается регулярно физкультурой и спортом в детском дошкольном учреждении,секции или дома?
cck8.152a;(Он/она) читает или слушает чтение, когда (ему/ей) читают?
cck8.152b;Сколько часов и минут в день (он/она) читает или слушает чтение, когда (ему/ей) читают?(часов)
"cck8.152c;Сколько часов и минут в день (он/она) читает или слушает чтение, когда (ему/ей) читают?
(минут)"
cck8.153a;(Он/она) играет в игры - в машинки, куклы, конструкторы, шахматы, шашки?
cck8.153b;Сколько часов и минут в день (он/она) играет в игры - в машинки, куклы, конструкторы,шахматы, шашки? (часов)
"cck8.153c;Сколько часов и минут в день (он/она) играет в игры - в машинки, куклы, конструкторы,
шахматы, шашки? (минут)"
cck8.154a;(Он/она) смотрит телевизор, видео?
cck8.154b;Сколько часов и минут в день (он/она) смотрит телевизор, видео? (часов)
cck8.154c;Сколько часов и минут в день (он/она) смотрит телевизор, видео? (минут)
cck8.155a;(Он/она) играет в видео- или компьютерные игры?
cck8.155b;Сколько часов и минут в день (он/она) играет в видео- или компьютерные игры? (часов)
cck8.155c;Сколько часов и минут в день (он/она) играет в видео- или компьютерные игры? (минут)
cck8.17;Кто-нибудь из родителей проводил с Вашим ребенком отпуск в последние 12 месяцев?
cck8.18;Ваш ребенок встречается со сверстниками (вне детского сада/вне школы)?
cck8.19.1;(Он/она) гуляет во дворе с друзьями?
cck8.19.2;(Он/она) общается с друзьями у Вас дома или в гостях?
cck8.19.3;(Он/она) общается в кружках, секциях, на курсах?
cck8.19.4;(Он/она) общается на экскурсиях, в кино, театрах, на детских праздниках вне дома?
cck8.2;Почему (он/она) сейчас не учится в общеобразовательной школе? Потому что у (него/нее)плохое здоровье, посещать школу не может?
cck8.20;Как часто (он/она) встречается со сверстниками (вне детского сада/вне школы)?
cck8.3;Почему (он/она) сейчас не учится в общеобразовательной школе? Потому что (он/она)отчислен(а) из школы?
cck8.4;Почему (он/она) сейчас не учится в общеобразовательной школе? Потому что семья хочетдать (ему/ей) домашнее образование?
cck8.5;Почему (он/она) сейчас не учится в общеобразовательной школе? Потому что близко от доманет школы?
cck8.6;Почему (он/она) сейчас не учится в общеобразовательной школе? По другим причинам?
cck8.7;Почему (он/она) сейчас не учится в общеобразовательной школе? (Oн/она) не хочет учиться?
cck8.8;Почему (он/она) сейчас не учится в общеобразовательной школе? Ребенок вынужденработать, чтобы помогать семье?
cck8.a.3a;Скажите мне, пожалуйста, (он/она) занимается танцами, бегает, прыгаете, играет в классики,в прятки?
cck8.a.3b;Скажите мне, пожалуйста, сколько часов и минут в неделю (он/она) занимается танцами,бегает, прыгает, играет в классики, в прятки? (часов)
"cck8.a.3c;Скажите мне, пожалуйста, сколько часов и минут в неделю (он/она) занимается танцами,
бегает, прыгает, играет в классики, в прятки? (минут)"
cck8.a.4a;Скажите мне, пожалуйста, (он/она) играет сидя: на лавочке, в песочнице?
cck8.a.4b;Скажите мне, пожалуйста, сколько часов и минут в неделю (он/она) играет сидя: на лавочке,в песочнице? (часов)
"cck8.a.4c;Скажите мне, пожалуйста, сколько часов и минут в неделю (он/она) играет сидя: на лавочке,
в песочнице? (минут)"
cck8.a.5a;Скажите мне, пожалуйста, (он/она) занимается карате, дзюдо, гимнастикой, теннисом,плаванием или другими видами спорта?
cck8.a.5b;Скажите мне, пожалуйста, сколько часов и минут в неделю (он/она) занимается карате,дзюдо, гимнастикой, теннисом, плаванием или другими видами спорта? (часов)
"cck8.a.5c;Скажите мне, пожалуйста, сколько часов и минут в неделю (он/она) занимается карате,
дзюдо, гимнастикой, теннисом, плаванием или другими видами спорта? (минут)"
cck8.a.6a;Скажите мне, пожалуйста, (он/она) играет в мячик, катается на коньках, на велосипеде, нароликах и т.д.?
cck8.a.6b;Скажите мне, пожалуйста, сколько часов и минут в неделю (он/она) играет в мячик, катаетсяна коньках, на велосипеде, на роликах и т.д.? (часов)
"cck8.a.6c;Скажите мне, пожалуйста, сколько часов и минут в неделю (он/она) играет в мячик, катается
на коньках, на велосипеде, на роликах и т.д.? (минут)"
cck8_1;(Он/она) сейчас посещает какое-нибудь детское дошкольное учреждение?
cck8_2;Кому принадлежит детское дошкольное учреждение, которое посещает Ваш ребенок?
cck81311a;(Он/она) занимается рисованием или музыкой?
cck81311b;Сколько часов и минут в неделю (он/она) занимается рисованием или музыкой? (часов)
cck81311c;Сколько часов и минут в неделю (он/она) занимается рисованием или музыкой? (минут)
cck81312a;(Он/она) занимается театром, рукоделием, танцами или каким-то другим творчеством?
cck81312b;Сколько часов и минут в неделю (он/она) занимается театром, рукоделием, танцами иликаким-то другим творчеством? (часов)
"cck81312c;Сколько часов и минут в неделю (он/она) занимается театром, рукоделием, танцами или
каким-то другим творчеством? (минут)"
cck81314a;(Он/она) занимается какими-то предметами, выбранными родителями или ребенком, дляполучения дополнительных знаний?
cck81314b;Сколько часов и минут в неделю (он/она) занимается какими-то предметами, выбраннымиродителями или ребенком, для получения дополнительных знаний? (часов)
"cck81314c;Сколько часов и минут в неделю (он/она) занимается какими-то предметами, выбранными
родителями или ребенком, для получения дополнительных знаний? (минут)"
cck81315a;(Он/она) занимается иностранным языком?
cck81315b;Сколько часов и минут в неделю (он/она) занимается иностранным языком? (часов)
cck81315c;Сколько часов и минут в неделю (он/она) занимается иностранным языком? (минут)
cck81511a;(Он/она) занимается под руководством или вместе с родителями, взрослыми родственникамиразличными видами физической активности, спортом?
cck81511b;Сколько часов и минут в неделю (он/она) занимается различными видами физическойактивности, спортом? (часов)
"cck81511c;Сколько часов и минут в неделю (он/она) занимается различными видами физической
активности, спортом? (минут)"
cck81512a;(Он/она) занимается под руководством или вместе с родителями, взрослыми родственникамитворчеством?
cck81512b;Сколько часов и минут в неделю (он/она) занимается творчеством? (часов)
cck81512c;Сколько часов и минут в неделю (он/она) занимается творчеством? (минут)
cck81513a;(Он/она) занимается под руководством или вместе с родителями, взрослыми родственникамипо предметам, выбранным родителями или ребенком, для получения дополнительныхзнаний?
cck81513b;Сколько часов и минут в неделю (он/она) занимается по предметам, выбранным родителямиили ребенком, для получения дополнительных знаний? (часов)
"cck81513c;Сколько часов и минут в неделю (он/она) занимается по предметам, выбранным родителями
или ребенком, для получения дополнительных знаний? (минут)"
cck816.1a;В течение последних 12 месяцев Ваш ребенок посещал(а) театры, музеи, выставки, зоопарк,цирк и другие культурно-зрелищные мероприятия?
cck816.1b;Сколько раз за последние 12 месяцев Ваш ребенок посещал(а) культурно-зрелищныемероприятия с родителями, взрослыми родственниками?
cck816.1c;Сколько раз за последние 12 месяцев Ваш ребенок посещал(а) культурно-зрелищныемероприятия без родителей, родственников?
cck816.2a;В течение последних 12 месяцев Ваш ребенок был(а) на каких-либо экскурсиях, в поездках,походах и т.п.?
cck816.2b;Сколько раз за последние 12 месяцев Ваш ребенок был(а) на каких-либо экскурсиях, впоездках, походах и т.п. с родителями, взрослыми родственниками?
cck816.2c;Сколько раз за последние 12 месяцев Ваш ребенок был(а) на каких-либо экскурсиях, впоездках, походах и т.п. без родителей, родственников?
cck9;В течение последних 7 дней за ребенком ухаживал кто-то, кто не является членом Вашегодомохозяйства: знакомые, работники детских учреждений, воспитатели школ, родственники,которые живут отдельно?
ccl2.2;У Вас есть договор на дополнительное добровольное медицинское страхование,обслуживание с какой-нибудь страховой фирмой, поликлиникой, больницей, медицинскимцентром?
ccl20;Вы лежали в больнице в течение последних трех месяцев?
ccl23;Сколько всего дней из последних трех месяцев Вы провели в больнице?
ccl26;В течение последних трех месяцев Вы показывались медицинскому работнику дляпрофилактического осмотра, а не потому что были больны?
ccl3.1.2;Оплачивает ли, хотя бы частично, этот договор добровольного медицинского страхованияпредприятие, организация, на котором Вы работаете?
ccl31;В течение последних 30 дней (он пропустил/она пропустила) по болезни сколько-нибудьучебных или присутственных дней?
ccl32;Сколько всего дней (он пропустил/она пропустила) по болезни за последние 30 дней?
ccl43;Делали ли (ему/ей) в течение жизни обязательные прививки от инфекционных заболеваний,таких как корь, краснуха, полиомиелит и т.д.?
ccl43a;По какой причине (ему/ей) не делали привики?
ccl5;Были у Вас в течение последних 30 дней какие-либо проблемы со здоровьем?
ccl5.0;Cкажите, пожалуйста, как часто Вы посещаете врача в течение года?
ccl5.1;А может быть в последние 30 дней у Вас было легкое недомогание, например, болела голова,горло или зуб, был насморк или легкое расстройство желудка, небольшое повышениетемпературы или ожог, ушиб, ссадина?
ccl53;У (него/нее) есть постоянный врач, с которым Вы советуетесь по всем вопросам (его/ее)здоровья?
ccl54;А есть врач, к которому Вы могли бы обратиться в случае необходимости?
"ccl58;Что Вы сделали, чтобы решить те проблемы со здоровьем, которые возникали у Вас в течение
последних 30 дней?"
ccl89;В течение последних 12 месяцев Вы пропустили по болезни сколько-нибудь рабочих илиучебных дней?
ccl90;Сколько всего дней Вы пропустили по болезни за последние 12 месяцев?
ccm1;Сколько килограмм Вы весите?
ccm100;В последние 7 дней (у него/у нее) резались зубы?
ccm101;В последние 7 дней (у него/у нее) был понос?
ccm111;В каком возрасте у нее была первая менструация?
"ccm113a;Занимались ли Вы хотя бы иногда физкультурой и спортом в течение последних 12 месяцев?Мы имеем в виду любые виды физической активности, независимо от того, были это
самостоятельные занятия или под руководством тренера"
ccm113b;Как часто Вы занимались такой физической активностью?
ccm113c;А за последние 30 дней, сколько примерно часов в неделю занимали такие занятия?
ccm131;В течение последних 12 месяцев у Вас были серьёзные нервные расстройства, депрессии?
ccm189;В течение последних 30 дней Вы употребляли безалкогольное пиво?
ccm190;В течение последних 30 дней Вы употребляли пиво, содержащее алкоголь?
ccm2;А какой у Вас рост в сантиметрах?
ccm2.1;Как изменился Ваш вес в течение последнего года?
ccm20.61;Есть ли у Вас хронические заболевания сердца?
ccm20.610;Есть ли у Вас хронические заболевания суставов?
ccm20.611;Есть ли у Вас хронические заболевание ЛОР-органов?
ccm20.612;Есть ли у Вас хронические неврологические заболевания?
ccm20.613;Есть ли у Вас хронические заболевания глаз?
ccm20.614;Есть ли у Вас хронические гинекологические заболевания?
ccm20.615;Есть ли у Вас хроническая аллергия?
ccm20.616;Есть ли у Вас варикозное расширение вен?
ccm20.617;Есть ли у Вас хронические заболевания кожного покрова?
ccm20.618;Есть ли у Вас хронические онкологические заболевания?
ccm20.619;Есть ли у Вас хронические заболевания мочеполовой системы?
ccm20.62;Есть ли у Вас хронические заболевания легких, бронхов?
ccm20.620;Есть ли у Вас хронические заболевания эндокринной системы, диабет или повышенный сахаркрови?
ccm20.63;Есть ли у Вас хронические заболевания печени?
ccm20.64;Есть ли у Вас хронические заболевания почек?
ccm20.65;Есть ли у Вас хронические заболевания желудочно-кишечного тракта?
ccm20.66;Есть ли у Вас хронические заболевания позвоночника?
ccm20.67;Есть ли у Вас другие хронические заболевания?
ccm20.69;Есть ли у Вас хроническая гипертоническая болезнь, повышенное артериальное давление?
ccm20.7;Назначена ли Вам какая-нибудь группа по инвалидности?
ccm20.8;Какая группа инвалидности Вам назначена?
ccm20.9m;Когда Вам была назначена инвалидность? Вспомните, пожалуйста, месяц
ccm20.9y;Когда Вам была назначена инвалидность? Вспомните, пожалуйста, год
ccm3;Как Вы оцениваете Ваше здоровье. Оно у Вас:?
ccm39;В течение последних 12 месяцев Вам делали хирургические операции?
ccm43;Говорил ли Вам когда-нибудь врач, что у Вас диабет или повышенный сахар в крови
ccm46;Ставили Вам когда-нибудь диагноз "инфаркт миокарда"?
ccm58.1;Говорил ли Вам когда-нибудь врач, что у Вас повышенное артериальное давление?
ccm59;Ставил Вам врач диагноз инсульт (кровоизлияние в мозг)?
ccm62;В течение последних 12 месяцев говорил Вам врач, что у Вас анемия?
ccm62.1;Говорил Вам когда-нибудь врач, что у Вас туберкулез?
ccm62.3;Ставили Вам когда-нибудь диагноз "гепатит", "болезнь Боткина", "желтуха"?
ccm64;Вы пользуетесь очками или контактными линзами?
ccm66;Вы пользуетесь слуховым аппаратом?
ccm71;Вы курите в настоящее время?
ccm72;Когда Вы начали курить? Сколько Вам тогда было лет?
ccm73;В течение последних 7 дней Вы курили что-нибудь?
ccm77;Вы курили когда-нибудь?
ccm78;Сколько лет тому назад Вы бросили курить?
ccm79;Вспомните, пожалуйста, когда Вы начали курить? Сколько Вам тогда было лет?
ccm80;В течение последних 30 дней Вы употребляли алкогольные напитки?
ccm80.0;Вы употребляете хотя бы иногда алкогольные напитки, включая пиво?
ccm82.1;Вы пьете алкогольные напитки до еды?
ccm82.3;Вы пьете алкогольные напитки без еды?
ccm83.2;Вы пьете алкогольные напитки в ресторанах или барах?
ccm83.3;Вы пьете алкогольные напитки в парке, на улице, в подъезде?
ccm83.4;Вы пьете алкогольные напитки на работе, по месту учебы?
ccm83.5;Вы пьете алкогольные напитки в гостях?
ccm84.12a;Вы пили брагу в течение последних 30 дней?
ccm84.12b;Сколько грамм браги Вы обычно выпивали за день?
ccm84.12d;Сколько дней в месяц Вы пили брагу?
ccm84.21a;Вы пили сухое вино, шампанское промышленного производства в течение последних 30дней?
ccm84.21b;Сколько грамм сухого вина, шампанского промышленного производства Вы обычно выпивализа день?
ccm84.21d;Сколько дней в месяц Вы пили сухое вино, шампанское промышленного производства?
ccm84.31a;Вы пили крепленое вино промышленного производства, в том числе мартини, вермут втечение последних 30 дней?
ccm84.31b;Сколько грамм крепленого вина промышленного производства Вы обычно выпивали за день?
ccm84.31d;Сколько дней в месяц Вы пили крепленое вино промышленного производства?
ccm84.4a;Вы пили самогон в течение последних 30 дней?
ccm84.4b;Сколько грамм самогона Вы обычно выпивали за день?
ccm84.4d;Сколько дней в месяц Вы пили самогон?
ccm84.5a;Вы пили водку в течение последних 30 дней?
ccm84.5b;Сколько грамм водки Вы обычно выпивали за день?
ccm84.5d;Сколько дней в месяц Вы пили водку?
ccm84.6a;Вы пили что-нибудь другое в течение последних 30 дней?
ccm84.6b;Сколько грамм Вы обычно выпивали за день других спиртных напитков, кроме вышеперечисленных?
ccm84.6d;Сколько дней в месяц Вы пили другие спиртные напитки?
ccm84.7a;Вы пили коктейли, содержащие алкоголь в течение последних 30 дней?
ccm84.7b;Сколько грамм коктейля, содержащего алкоголь, Вы обычно выпивали за день?
ccm84.7d;Сколько дней в месяц Вы пили коктейли, содержащие алкоголь?
ccm84.8a;Вы пили домашнее вино любое - виноградное, плодово-ягодное и т.п. - в течение последних30 дней?
ccm84.8b;Сколько грамм любого домашнего вина Вы обычно выпивали за день?
ccm84.8d;Сколько дней в месяц Вы пили домашнее вино?
ccm84.9a;Вы пили коньяк, виски, ликеры в течение последних 30 дней?
ccm84.9b;Сколько грамм коньяка, виски, ликера Вы обычно выпивали за день?
ccm84.9d;Сколько дней в месяц Вы пили коньяк, виски, ликер?
ccm84111a;Вы пили пиво промышленного производства в течение последних 30 дней?
ccm84111b;Сколько грамм пива промышленного производства Вы обычно выпивали за день?
ccm84111d;Сколько дней в месяц Вы пили пиво промышленного производства?
ccm84112a;Вы пили пиво домашнее в течение последних 30 дней?
ccm84112b;Сколько грамм пива домашнего Вы обычно выпивали за день?
ccm84112d;Сколько дней в месяц Вы пили пиво домашнее?
ccm96;Скажите, пожалуйста, в последние 7 дней (у него/у нее) был кашель?
ccm97;Скажите, пожалуйста, в последние 7 дней (у него/у нее) был насморк, может быть, текло износа или нос был забит?
ccm98;Скажите, пожалуйста, в последние 7 дней (у него/у нее) болели уши?
ccm99;В последние 7 дней (у него/у нее) болело горло?
ccn1.1;Присутствуют ли на данный момент в комнате, кроме респондента, дети до 10 лет?
ccn1.2;Присутствуют ли на данный момент в комнате, кроме респондента, дети старше 10 лет?
ccn1.3;Присутствуют ли на данный момент в комнате, кроме респондента, родители?
ccn1.4;Присутствует ли на данный момент в комнате, кроме респондента, муж или партнер?
ccn1.5;Присутствуют ли на данный момент в комнате, кроме респондента, другие мужчины?
ccn1.6;Присутствуют ли на данный момент в комнате, кроме респондента, другие женщины?
ccn2;У Вас были когда-либо менструации?
ccn30;Вы делали аборт в течение последних 12 месяцев?
ccn31;Сколько абортов у Вас было в течение последних 12 месяцев?
ccn31.1;Когда мы говорили об абортах, Вы учитывали мини-аборты?
ccn31.2;В течение последних 12 месяцев Вы делали мини-аборт?
ccn31.3;Сколько мини-абортов Вы делали в течение последних 12 месяцев?
ccn37;В настоящее время у Вас бывают менструации?
ccn4;Вы были когда-нибудь беременны, даже если эта беременность длилась всего нескольконедель?
ccn47;Вы хотите иметь (еще одного) ребенка?
ccn48;Сколько (еще) детей Вы хотите иметь?
ccn49;Когда Вы думаете родить (следующего) ребенка, через сколько лет?
ccn6;Вы рожали в течение последних 12 месяцев?
ccn6.1;Сколько детей у Вас родилось в течение последних 12 месяцев?
ccn60;Вы сейчас беременны?
ccn61m;Когда Вы ожидаете ребенка? (месяц)
ccn61y;Когда Вы ожидаете ребенка? (год)
ccn72;Вы собираетесь рожать этого ребенка?
ccredid_i;НОМЕР ИНДИВИДА В 33-Й ВОЛНЕ - СПЛОШНАЯ НУМЕРАЦИЯ
ccs1.1;ПРИСУТСТВОВАЛ ЛИ ПРИ ПРОВЕДЕНИИ ИНТЕРВЬЮ, ХОТЯ БЫ НЕКОТОРОЕ ВРЕМЯ, КТО-ЛИБОЕЩЕ ИЗ ЧЛЕНОВ ДОМОХОЗЯЙСТВА
ccs1.2;ПРИСУТСТВОВАЛИ ЛИ ПРИ ПРОВЕДЕНИИ ИНТЕРВЬЮ, ХОТЯ БЫ НЕКОТОРОЕ ВРЕМЯ, ДРУГИЕЛЮДИ, НЕ ЧЛЕНЫ ДОМОХОЗЯЙСТВА
ccs2;ОЦЕНИТЕ ОТНОШЕНИЕ РЕСПОНДЕНТА К ИНТЕРВЬЮ. ОТНОШЕНИЕ БЫЛО:
ccs3;ОТМЕТЬТЕ, КАК РЕСПОНДЕНТ ПОНИМАЛ ВОПРОСЫ:
ccs4;ОЦЕНИТЕ ПОВЕДЕНИЕ РЕСПОНДЕНТА ВО ВРЕМЯ ИНТЕРВЬЮ. РЕСПОНДЕНТ:
ccs5;ОЦЕНИТЕ СООБРАЗИТЕЛЬНОСТЬ РЕСПОНДЕНТА:
ccs6;ОЦЕНИТЕ ИСКРЕННОСТЬ И ОТКРЫТОСТЬ РЕСПОНДЕНТА. РЕСПОНДЕНТ:
ccs7;ОТМЕТЬТЕ, НАСКОЛЬКО ПО-ВАШЕМУ МНЕНИЮ НАДЕЖНА ПОЛУЧАЕМАЯ ИНФОРМАЦИЯ:
cid_h;ИДЕНТИФИКАЦИОННАЯ ПЕРЕМЕННАЯ 7-го РАУНДА
cid_i;НОМЕР ИНДИВИДА В 7-Й ВОЛНЕ - ИДЕНТИФИКАЦИОННЫЙ
did_h;ИДЕНТИФИКАЦИОННАЯ ПЕРЕМЕННАЯ 8-го РАУНДА
did_i;НОМЕР ИНДИВИДА В 8-Й ВОЛНЕ - ИДЕНТИФИКАЦИОННЫЙ
eid_h;ИДЕНТИФИКАЦИОННАЯ ПЕРЕМЕННАЯ 9-го РАУНДА
eid_i;НОМЕР ИНДИВИДА В 9-Й ВОЛНЕ - ИДЕНТИФИКАЦИОННЫЙ
fid_h;ИДЕНТИФИКАЦИОННАЯ ПЕРЕМЕННАЯ 10-го РАУНДА
fid_i;НОМЕР ИНДИВИДА В 10-Й ВОЛНЕ - ИДЕНТИФИКАЦИОННЫЙ
gid_h;ИДЕНТИФИКАЦИОННАЯ ПЕРЕМЕННАЯ 11-го РАУНДА
gid_i;НОМЕР ИНДИВИДА В 11-Й ВОЛНЕ - ИДЕНТИФИКАЦИОННЫЙ
hid_h;ИДЕНТИФИКАЦИОННАЯ ПЕРЕМЕННАЯ 12-го РАУНДА
hid_i;НОМЕР ИНДИВИДА В 12-Й ВОЛНЕ - ИДЕНТИФИКАЦИОННЫЙ
idind;Единый идентификационный номер индивида для волн 5 и последующих
iid_h;ИДЕНТИФИКАЦИОННАЯ ПЕРЕМЕННАЯ 13-го РАУНДА
iid_i;НОМЕР ИНДИВИДА В 13-Й ВОЛНЕ - ИДЕНТИФИКАЦИОННЫЙ
jid_h;ИДЕНТИФИКАЦИОННАЯ ПЕРЕМЕННАЯ 14-го РАУНДА
jid_i;НОМЕР ИНДИВИДА В 14-Й ВОЛНЕ - ИДЕНТИФИКАЦИОННЫЙ
kid_h;ИДЕНТИФИКАЦИОННАЯ ПЕРЕМЕННАЯ 15-го РАУНДА
kid_i;НОМЕР ИНДИВИДА В 15-Й ВОЛНЕ - ИДЕНТИФИКАЦИОННЫЙ
lid_h;ИДЕНТИФИКАЦИОННАЯ ПЕРЕМЕННАЯ 16-го РАУНДА
lid_i;НОМЕР ИНДИВИДА В 16-Й ВОЛНЕ - ИДЕНТИФИКАЦИОННЫЙ
mid_h;ИДЕНТИФИКАЦИОННАЯ ПЕРЕМЕННАЯ 17-го РАУНДА
mid_i;НОМЕР ИНДИВИДА В 17-Й ВОЛНЕ - ИДЕНТИФИКАЦИОННЫЙ
nid_h;ИДЕНТИФИКАЦИОННАЯ ПЕРЕМЕННАЯ 18-го РАУНДА
nid_i;НОМЕР ИНДИВИДА В 18-Й ВОЛНЕ - ИДЕНТИФИКАЦИОННЫЙ
oid_h;ИДЕНТИФИКАЦИОННАЯ ПЕРЕМЕННАЯ 19-го РАУНДА
oid_i;НОМЕР ИНДИВИДА В 19-Й ВОЛНЕ - ИДЕНТИФИКАЦИОННЫЙ
pid_h;ИДЕНТИФИКАЦИОННАЯ ПЕРЕМЕННАЯ 20-го РАУНДА
pid_i;НОМЕР ИНДИВИДА В 20-Й ВОЛНЕ - ИДЕНТИФИКАЦИОННЫЙ
popul;ЧИСЛЕННОСТЬ НАСЕЛЕНИЯ
psu;Номер региона (первичная единица отбора)
qid_h;ИДЕНТИФИКАЦИОННАЯ ПЕРЕМЕННАЯ 21-го РАУНДА
qid_i;НОМЕР ИНДИВИДА В 21-Й ВОЛНЕ - ИДЕНТИФИКАЦИОННЫЙ
region;Регион
rid_h;ИДЕНТИФИКАЦИОННАЯ ПЕРЕМЕННАЯ 22-го РАУНДА
rid_i;НОМЕР ИНДИВИДА В 22-Й ВОЛНЕ - ИДЕНТИФИКАЦИОННЫЙ
sid_h;ИДЕНТИФИКАЦИОННАЯ ПЕРЕМЕННАЯ 23-го РАУНДА
sid_i;НОМЕР ИНДИВИДА В 23-Й ВОЛНЕ - ИДЕНТИФИКАЦИОННЫЙ
site;НОМЕР НАСЕЛЕННОГО ПУНКТА
status;ТИП НАСЕЛЕННОГО ПУНКТА
tid_h;ИДЕНТИФИКАЦИОННАЯ ПЕРЕМЕННАЯ 24-го РАУНДА
tid_i;НОМЕР ИНДИВИДА В 24-Й ВОЛНЕ - ИДЕНТИФИКАЦИОННЫЙ
uid_h;ИДЕНТИФИКАЦИОННАЯ ПЕРЕМЕННАЯ 25-го РАУНДА
uid_i;НОМЕР ИНДИВИДА В 25-Й ВОЛНЕ - ИДЕНТИФИКАЦИОННЫЙ
vid_h;ИДЕНТИФИКАЦИОННАЯ ПЕРЕМЕННАЯ 26-го РАУНДА
vid_i;НОМЕР ИНДИВИДА В 26-Й ВОЛНЕ - ИДЕНТИФИКАЦИОННЫЙ
wid_h;ИДЕНТИФИКАЦИОННАЯ ПЕРЕМЕННАЯ 27-го РАУНДА
wid_i;НОМЕР ИНДИВИДА В 27-Й ВОЛНЕ - ИДЕНТИФИКАЦИОННЫЙ
xid_h;ИДЕНТИФИКАЦИОННАЯ ПЕРЕМЕННАЯ 28-го РАУНДА
xid_i;НОМЕР ИНДИВИДА В 28-Й ВОЛНЕ - ИДЕНТИФИКАЦИОННЫЙ
yid_h;ИДЕНТИФИКАЦИОННАЯ ПЕРЕМЕННАЯ 29-го РАУНДА
yid_i;НОМЕР ИНДИВИДА В 29-Й ВОЛНЕ - ИДЕНТИФИКАЦИОННЫЙ
zid_h;ИДЕНТИФИКАЦИОННАЯ ПЕРЕМЕННАЯ 30-го РАУНДА
zid_i;НОМЕР ИНДИВИДА В 30-Й ВОЛНЕ - ИДЕНТИФИКАЦИОННЫЙ
