Регион,ФО,x1,x2,x3,x4,x5,y
Белгородская область,ЦФО,56798,65.4,4.4,3.466,36.980145409153,6.1
Брянская область,ЦФО,48502,69.8,9.1,3.862,33.708852881589344,6.5
Владимирская область,ЦФО,46302,77.59,7.4,2.315,33.49441729022078,6.2
Воронежская область,ЦФО,53449,68.5,5.4,3.972,35.58474720636094,6.9
Ивановская область,ЦФО,47881,82.2,8.0,2.686,32.486338189629265,6.9
Калужская область,ЦФО,52675,74.7,5.8,3.345,32.85844472300326,7.5
Костромская область,ЦФО,51119,74.8,7.9,3.507,34.622689787366824,7.4
Курская область,ЦФО,50630,69.0,6.3,2.131,32.07227588939809,6.9
Липецкая область,ЦФО,53842,63.0,5.9,2.634,37.09216408988581,6.7
Московская область,ЦФО,77409,77.9,4.9,2.748,33.95657685652541,8.3
Орловская область,ЦФО,54805,66.5,6.9,4.351,33.03683721933426,6.5
Рязанская область,ЦФО,47477,71.5,9.3,3.01,37.0679875875138,5.9
Смоленская область,ЦФО,52435,72.8,8.1,3.719,33.9066102280258,5.7
Тамбовская область,ЦФО,46416,60.7,7.9,2.42,35.531993108380334,6.2
Тверская область,ЦФО,49121,76.3,6.9,4.245,37.482382447458114,6.8
Тульская область,ЦФО,51931,73.0,6.4,2.233,32.92893078005012,6.0
Ярославская область,ЦФО,54027,80.7,6.5,3.4,33.16904117528432,7.2
г. Москва,ЦФО,143171,100.0,4.0,1.317,22.223268522560726,9.1
Республика Карелия,СЗФО,62566,80.09,8.4,6.17,34.60863281626361,7.7
Республика Коми,СЗФО,63437,78.0,10.1,5.635,33.564652308036685,8.3
Ненецкий автономный округ,СЗФО,143512,74.9,6.4,7.108,28.007922493199064,11.4
Архангельская область (кроме автономного округа),СЗФО,64019,78.4,7.8,4.649,34.78162122913518,7.2
Вологодская область,СЗФО,51811,72.8,7.8,3.575,34.193896022041095,7.4
Калининградская область,СЗФО,53580,76.4,8.8,2.872,36.604447267122595,7.3
Ленинградская область,СЗФО,54808,69.8,5.2,3.34,31.32636458055654,5.8
Мурманская область,СЗФО,86687,93.0,5.9,4.446,29.112230814461366,7.8
Новгородская область,СЗФО,46148,73.4,8.7,2.54,37.624488500070555,6.6
Псковская область,СЗФО,46858,70.8,9.9,3.459,38.848367219050274,6.8
г. Санкт-Петербург,СЗФО,87888,100.0,3.4,1.657,28.08809674005762,8.4
Республика Адыгея,ЮФО,52224,48.5,8.6,4.284,29.058256828516708,8.7
Республика Калмыкия,ЮФО,35438,47.1,13.2,5.097,26.93102829723306,8.0
Республика Крым,ЮФО,38765,50.1,11.2,2.813,21.896576105441508,8.3
Краснодарский край,ЮФО,64985,57.4,7.0,3.083,31.867085866751747,8.8
Астраханская область,ЮФО,41620,63.9,10.6,2.696,28.035696930000633,9.7
Волгоградская область,ЮФО,41803,77.8,7.5,2.611,27.0042883330882,6.6
Ростовская область,ЮФО,55854,67.9,7.7,3.633,29.051539215461162,7.7
г. Севастополь,ЮФО,44998,92.6,8.4,3.399,24.302402642297537,6.6
Республика Дагестан,СКФО,45175,45.2,11.7,16.169,22.06139777722561,13.3
Республика Ингушетия,СКФО,27311,55.0,25.3,26.719,15.856693564531488,15.0
Кабардино-Балкарская Республика,СКФО,45587,51.6,11.6,6.461,22.802841621027643,11.2
Карачаево-Черкесская Республика,СКФО,29960,41.5,17.1,7.981,24.049816580914598,9.3
Республика Северная Осетия-Алания,СКФО,40531,63.3,10.0,9.718,31.48818695807173,10.7
Чеченская Республика,СКФО,40797,47.2,15.0,9.069,22.99764930049881,20.0
Ставропольский край,СКФО,38344,61.0,9.3,4.038,26.76200256347762,8.1
Республика Башкортостан,ПФО,47220,62.8,7.7,3.004,30.533656311620614,8.1
Республика Марий Эл,ПФО,36763,69.3,12.4,3.2,30.87748160467846,7.5
Республика Мордовия,ПФО,36862,63.9,10.2,2.59,31.218903800921076,5.5
Республика Татарстан,ПФО,62278,76.7,3.7,2.383,30.336729520256462,8.8
Удмуртская Республика,ПФО,47813,65.7,6.7,2.913,27.488870454472206,8.0
Чувашская Республика,ПФО,40121,64.9,10.2,2.992,32.598873222920446,7.6
Пермский край,ПФО,53869,75.9,8.4,3.331,28.673745275570102,8.7
Кировская область,ПФО,44816,78.9,8.8,2.222,32.36346094115379,7.0
Нижегородская область,ПФО,61278,80.09,5.6,1.756,31.206657452192374,7.2
Оренбургская область,ПФО,42812,60.1,9.2,1.938,31.367539619725488,8.4
Пензенская область,ПФО,43388,69.09,8.1,3.521,35.790094858657504,6.3
Самарская область,ПФО,51253,79.3,8.1,2.562,30.80055491192797,7.4
Саратовская область,ПФО,38251,77.2,10.6,2.03,32.40876084924274,6.2
Ульяновская область,ПФО,42563,77.4,9.3,2.539,34.25022354106205,7.0
Курганская область,УФО,41494,64.59,11.1,4.275,30.83638586098742,7.4
Свердловская область,УФО,64683,85.9,5.9,3.199,30.47384170185993,8.8
Ханты-Мансийский автономный округ - Югра,УФО,83038,92.4,5.6,1.545,21.76702312628593,10.6
Ямало-Ненецкий автономный округ,УФО,154347,85.3,3.5,1.898,22.164135307443058,12.8
Тюменская область без автономных округов,УФО,51490,67.9,9.1,3.571,32.36539753591233,10.5
Челябинская область,УФО,48016,82.5,7.7,2.422,29.451432207505544,8.5
Республика Алтай,СФО,40630,30.4,13.8,10.534,26.26564173350151,11.5
Республика Тыва,СФО,34294,56.2,20.0,5.628,16.37949320940786,15.8
Республика Хакасия,СФО,40582,68.9,13.6,3.825,28.952977507672813,8.6
Алтайский край,СФО,42745,58.7,12.1,4.651,28.89178948411432,7.3
Красноярский край,СФО,59368,79.9,11.0,2.433,27.780557916383014,8.7
Иркутская область,СФО,50291,77.4,11.4,5.888,27.53593432694941,9.6
Кемеровская область,СФО,46839,86.6,8.0,4.267,27.88898389890231,6.8
Новосибирская область,СФО,58500,79.9,8.2,4.25,29.649633595785453,8.9
Омская область,СФО,48160,74.0,9.1,4.153,28.57413808570799,7.7
Томская область,СФО,47848,71.2,9.6,4.622,28.18812227813428,7.3
Республика Бурятия,ДФО,44730,59.0,15.9,9.899,23.393386528601983,9.8
Республика Саха (Якутия),ДФО,79768,67.8,12.8,7.131,24.473022499381557,10.7
Забайкальский край,ДФО,50738,70.0,12.8,6.982,24.046306404103113,10.2
Камчатский край,ДФО,96478,78.4,9.5,2.969,28.46828591256072,9.5
Приморский край,ДФО,64985,78.5,8.2,3.597,26.614008542729483,8.4
Хабаровский край,ДФО,67920,83.5,7.8,2.069,26.56930414734964,8.7
Амурская область,ДФО,64343,68.2,9.5,2.734,28.362888854067347,8.7
Магаданская область,ДФО,127865,96.6,5.8,3.011,30.296631585206327,7.6
Сахалинская область,ДФО,101220,82.9,5.2,3.644,33.204347930602694,9.8
Еврейская автономная область,ДФО,52015,71.0,13.7,4.661,26.308818234691334,7.7
Чукотский автономный округ,ДФО,187687,69.7,3.7,2.163,25.136255180208465,10.7
